{"cameraMode":{"drawMode":0,"name":"Shaded","section":"Shading Mode"},"sceneLighting":false,"audioPlay":false,"sceneViewState":{"m_AlwaysRefresh":false,"showFog":true,"showSkybox":false,"showFlares":true,"showImageEffects":true,"showParticleSystems":true,"showVisualEffectGraphs":true,"m_FxEnabled":true},"in2DMode":false,"pivot":{"x":-0.32368189096450808,"y":0.48483434319496157,"z":0.344696581363678},"rotation":{"x":0.19928078353405,"y":0.26941007375717165,"z":-0.05709151178598404,"w":0.9404616951942444},"size":1.3288958072662354,"orthographic":false}