{"cameraMode":{"drawMode":0,"name":"Shaded","section":"Shading Mode"},"sceneLighting":true,"audioPlay":false,"sceneViewState":{"m_AlwaysRefresh":false,"showFog":true,"showSkybox":false,"showFlares":false,"showImageEffects":true,"showParticleSystems":true,"showVisualEffectGraphs":false,"m_FxEnabled":true},"in2DMode":false,"pivot":{"x":0.0015004873275756837,"y":1.6445586681365967,"z":0.04420346021652222},"rotation":{"x":0.14140626788139344,"y":-0.7853201627731323,"z":0.1946796327829361,"w":0.5704187154769898},"size":2.3283817768096926,"orthographic":false}