{"cameraMode":{"drawMode":0,"name":"Shaded","section":"Shading Mode"},"sceneLighting":false,"audioPlay":false,"sceneViewState":{"m_AlwaysRefresh":true,"showFog":false,"showSkybox":false,"showFlares":false,"showImageEffects":false,"showParticleSystems":false,"showVisualEffectGraphs":false,"m_FxEnabled":true},"in2DMode":false,"pivot":{"x":-0.10936379432678223,"y":2.7902636528015138,"z":-0.026416778564453126},"rotation":{"x":0.12865227460861207,"y":-0.5816296339035034,"z":0.09380224347114563,"w":0.7977198958396912},"size":55.20418930053711,"orthographic":false}