{"cameraMode":{"drawMode":0,"name":"Shaded","section":"Shading Mode"},"sceneLighting":false,"audioPlay":false,"sceneViewState":{"m_AlwaysRefresh":false,"showFog":false,"showSkybox":false,"showFlares":false,"showImageEffects":false,"showParticleSystems":false,"showVisualEffectGraphs":true,"m_FxEnabled":true},"in2DMode":false,"pivot":{"x":0.0022748708724975588,"y":0.7111160159111023,"z":0.07003378868103028},"rotation":{"x":-0.014382357709109784,"y":0.7284536957740784,"z":-0.015299776569008828,"w":-0.6847735047340393},"size":1.206092357635498,"orthographic":true}