{"cameraMode":{"drawMode":0,"name":"Shaded","section":"Shading Mode"},"sceneLighting":false,"audioPlay":false,"sceneViewState":{"m_AlwaysRefresh":false,"showFog":false,"showSkybox":false,"showFlares":false,"showImageEffects":false,"showParticleSystems":false,"showVisualEffectGraphs":true,"m_FxEnabled":true},"in2DMode":false,"pivot":{"x":-0.000016821548342704773,"y":1.6415178775787354,"z":0.026483971625566484},"rotation":{"x":0.015767453238368036,"y":0.9838852882385254,"z":-0.11205161362886429,"w":0.1384466141462326},"size":1.05924391746521,"orthographic":false}