{"cameraMode":{"drawMode":0,"name":"Shaded","section":"Shading Mode"},"sceneLighting":false,"audioPlay":false,"sceneViewState":{"m_AlwaysRefresh":false,"showFog":false,"showSkybox":false,"showFlares":false,"showImageEffects":false,"showParticleSystems":false,"showVisualEffectGraphs":true,"m_FxEnabled":true},"in2DMode":false,"pivot":{"x":0.1318899244070053,"y":1.056995153427124,"z":0.07065041363239289},"rotation":{"x":0.14587008953094483,"y":-0.008903534151613713,"z":0.0013130900915712119,"w":0.989263117313385},"size":0.7397755980491638,"orthographic":false}