{"cameraMode":{"drawMode":0,"name":"Shaded","section":"Shading Mode"},"sceneLighting":false,"audioPlay":false,"sceneViewState":{"m_AlwaysRefresh":false,"showFog":false,"showSkybox":false,"showFlares":false,"showImageEffects":false,"showParticleSystems":false,"showVisualEffectGraphs":true,"m_FxEnabled":true},"in2DMode":false,"pivot":{"x":0.09311144053936005,"y":0.052461445331573489,"z":0.08686436712741852},"rotation":{"x":0.009487573057413102,"y":0.8600172996520996,"z":0.01599906012415886,"w":-0.5099292993545532},"size":0.42474836111068728,"orthographic":false}