{"cameraMode":{"drawMode":0,"name":"Shaded","section":"Shading Mode"},"sceneLighting":false,"audioPlay":false,"sceneViewState":{"m_AlwaysRefresh":false,"showFog":true,"showSkybox":false,"showFlares":true,"showImageEffects":true,"showParticleSystems":true,"showVisualEffectGraphs":true,"m_FxEnabled":false},"in2DMode":false,"pivot":{"x":396.54962158203127,"y":16.548019409179689,"z":400.9075012207031},"rotation":{"x":-0.06956999748945236,"y":0.9255678653717041,"z":-0.20922106504440309,"w":-0.30776700377464297},"size":0.5227400064468384,"orthographic":false}