{"cameraMode":{"drawMode":0,"name":"Shaded","section":"Shading Mode"},"sceneLighting":false,"audioPlay":false,"sceneViewState":{"m_AlwaysRefresh":false,"showFog":false,"showSkybox":false,"showFlares":false,"showImageEffects":false,"showParticleSystems":false,"showVisualEffectGraphs":true,"m_FxEnabled":true},"in2DMode":false,"pivot":{"x":0.0022748708724975588,"y":0.7111160159111023,"z":0.07003378868103028},"rotation":{"x":0.0023800423368811609,"y":-0.9923328161239624,"z":0.019352905452251436,"w":0.12206996977329254},"size":0.9935276508331299,"orthographic":false}