{"cameraMode":{"drawMode":0,"name":"Shaded","section":"Shading Mode"},"sceneLighting":false,"audioPlay":false,"sceneViewState":{"m_AlwaysRefresh":false,"showFog":false,"showSkybox":false,"showFlares":false,"showImageEffects":false,"showParticleSystems":false,"showVisualEffectGraphs":true,"m_FxEnabled":true},"in2DMode":false,"pivot":{"x":0.3063127398490906,"y":0.6125870943069458,"z":0.05044469237327576},"rotation":{"x":0.03682026267051697,"y":-0.9213107228279114,"z":0.0901137962937355,"w":0.3764486610889435},"size":0.11358124017715454,"orthographic":false}