{"cameraMode":{"drawMode":0,"name":"Shaded","section":"Shading Mode"},"sceneLighting":false,"audioPlay":false,"sceneViewState":{"m_AlwaysRefresh":false,"showFog":true,"showSkybox":false,"showFlares":true,"showImageEffects":true,"showParticleSystems":true,"showVisualEffectGraphs":true,"m_FxEnabled":true},"in2DMode":false,"pivot":{"x":1.7629506587982178,"y":0.38487184047698977,"z":0.4087599515914917},"rotation":{"x":-0.013839281164109707,"y":0.3353351056575775,"z":0.004928067792207003,"w":0.9419982433319092},"size":3.66164493560791,"orthographic":false}