{"cameraMode":{"drawMode":0,"name":"Shaded","section":"Shading Mode"},"sceneLighting":false,"audioPlay":false,"sceneViewState":{"m_AlwaysRefresh":false,"showFog":true,"showSkybox":false,"showFlares":true,"showImageEffects":true,"showParticleSystems":true,"showVisualEffectGraphs":true,"m_FxEnabled":true},"in2DMode":false,"pivot":{"x":0.006929725408554077,"y":0.3530183434486389,"z":0.47599998116493227},"rotation":{"x":-0.049272481352090839,"y":0.9206979870796204,"z":-0.12364887446165085,"w":-0.3668893873691559},"size":0.4520091712474823,"orthographic":true}