{"cameraMode":{"drawMode":0,"name":"Shaded","section":"Shading Mode"},"sceneLighting":true,"audioPlay":false,"sceneViewState":{"m_AlwaysRefresh":false,"showFog":true,"showSkybox":true,"showFlares":true,"showImageEffects":true,"showParticleSystems":true,"showVisualEffectGraphs":true,"m_FxEnabled":true},"in2DMode":false,"pivot":{"x":0.0000016689300537109376,"y":1.6240766048431397,"z":0.03892198204994202},"rotation":{"x":0.11856931447982788,"y":-0.6799903512001038,"z":0.11280758678913117,"w":0.7147233486175537},"size":2.347583293914795,"orthographic":false}