{"cameraMode":{"drawMode":0,"name":"Shaded","section":"Shading Mode"},"sceneLighting":true,"audioPlay":false,"sceneViewState":{"m_AlwaysRefresh":false,"showFog":true,"showSkybox":true,"showFlares":true,"showImageEffects":true,"showParticleSystems":true,"showVisualEffectGraphs":true,"m_FxEnabled":true},"in2DMode":false,"pivot":{"x":-0.18256187438964845,"y":0.02699993923306465,"z":3.501469612121582},"rotation":{"x":0.21543794870376588,"y":-0.16835321485996247,"z":0.037735845893621448,"w":0.9611570239067078},"size":3.1956257820129396,"orthographic":false}