{"cameraMode":{"drawMode":0,"name":"Shaded","section":"Shading Mode"},"sceneLighting":false,"audioPlay":false,"sceneViewState":{"m_AlwaysRefresh":false,"showFog":true,"showSkybox":true,"showFlares":true,"showImageEffects":true,"showParticleSystems":true,"showVisualEffectGraphs":true,"m_FxEnabled":true},"in2DMode":false,"pivot":{"x":-0.19137609004974366,"y":1.7036926746368409,"z":-0.08243942260742188},"rotation":{"x":0.001079128822311759,"y":0.8930121064186096,"z":-0.002141423989087343,"w":0.4500262439250946},"size":0.8677496314048767,"orthographic":true}