{"cameraMode":{"drawMode":0,"name":"Shaded","section":"Shading Mode"},"sceneLighting":true,"audioPlay":false,"sceneViewState":{"m_AlwaysRefresh":false,"showFog":true,"showSkybox":true,"showFlares":true,"showImageEffects":true,"showParticleSystems":true,"showVisualEffectGraphs":true,"m_FxEnabled":true},"in2DMode":false,"pivot":{"x":0.0000016689300537109376,"y":1.6240766048431397,"z":0.03892198204994202},"rotation":{"x":0.14587008953094483,"y":-0.008903534151613713,"z":0.0013130900915712119,"w":0.989263117313385},"size":2.4115960597991945,"orthographic":false}