{"cameraMode":{"drawMode":0,"name":"Shaded","section":"Shading Mode"},"sceneLighting":true,"audioPlay":false,"sceneViewState":{"m_AlwaysRefresh":false,"showFog":true,"showSkybox":true,"showFlares":true,"showImageEffects":true,"showParticleSystems":true,"showVisualEffectGraphs":true,"m_FxEnabled":true},"in2DMode":false,"pivot":{"x":1.4525535106658936,"y":2.6497159004211427,"z":-0.07231667637825012},"rotation":{"x":-0.0979417935013771,"y":0.41516146063804629,"z":-0.04501260817050934,"w":-0.9033394455909729},"size":2.360292434692383,"orthographic":false}