{"cameraMode":{"drawMode":0,"name":"Shaded","section":"Shading Mode"},"sceneLighting":false,"audioPlay":false,"sceneViewState":{"m_AlwaysRefresh":false,"showFog":false,"showSkybox":false,"showFlares":false,"showImageEffects":false,"showParticleSystems":false,"showVisualEffectGraphs":true,"m_FxEnabled":true},"in2DMode":false,"pivot":{"x":-0.1689228117465973,"y":0.2644713521003723,"z":-0.007818548008799553},"rotation":{"x":0.004736177623271942,"y":0.9950690865516663,"z":-0.07927504181861878,"w":0.059469521045684817},"size":2.6048145294189455,"orthographic":false}