{"cameraMode":{"drawMode":0,"name":"Shaded","section":"Shading Mode"},"sceneLighting":false,"audioPlay":false,"sceneViewState":{"m_AlwaysRefresh":false,"showFog":false,"showSkybox":false,"showFlares":false,"showImageEffects":false,"showParticleSystems":false,"showVisualEffectGraphs":true,"m_FxEnabled":true},"in2DMode":false,"pivot":{"x":0.0035793036222457887,"y":1.0622661113739014,"z":-0.28902947902679446},"rotation":{"x":-0.009560130536556244,"y":0.9894278645515442,"z":-0.0773322731256485,"w":-0.1223171055316925},"size":1.248751163482666,"orthographic":false}