{"cameraMode":{"drawMode":0,"name":"Shaded","section":"Shading Mode"},"sceneLighting":true,"audioPlay":false,"sceneViewState":{"m_AlwaysRefresh":true,"showFog":true,"showSkybox":true,"showFlares":false,"showImageEffects":false,"showParticleSystems":true,"showVisualEffectGraphs":true,"m_FxEnabled":true},"in2DMode":false,"pivot":{"x":225.07052612304688,"y":1.5803050994873047,"z":238.62191772460938},"rotation":{"x":0.10395000874996185,"y":-0.40348368883132937,"z":0.04619744420051575,"w":0.9078887104988098},"size":6.134068489074707,"orthographic":true}