{"cameraMode":{"drawMode":0,"name":"Shaded","section":"Shading Mode"},"sceneLighting":false,"audioPlay":false,"sceneViewState":{"m_AlwaysRefresh":false,"showFog":true,"showSkybox":false,"showFlares":true,"showImageEffects":true,"showParticleSystems":true,"showVisualEffectGraphs":true,"m_FxEnabled":true},"in2DMode":false,"pivot":{"x":0.5073286294937134,"y":1.708715796470642,"z":1.4972732067108155},"rotation":{"x":0.08470594882965088,"y":-0.12639780342578889,"z":0.0108334356918931,"w":0.9882984161376953},"size":1.0698305368423463,"orthographic":true}