{"cameraMode":{"drawMode":0,"name":"Shaded","section":"Shading Mode"},"sceneLighting":false,"audioPlay":false,"sceneViewState":{"m_AlwaysRefresh":false,"showFog":true,"showSkybox":false,"showFlares":true,"showImageEffects":true,"showParticleSystems":true,"showVisualEffectGraphs":true,"m_FxEnabled":true},"in2DMode":false,"pivot":{"x":-0.007138073444366455,"y":0.12478633970022202,"z":0.17987357079982758},"rotation":{"x":0.12081938982009888,"y":-0.8446913957595825,"z":0.2147855907678604,"w":0.47514858841896059},"size":1.1115195751190186,"orthographic":true}