{"cameraMode":{"drawMode":0,"name":"Shaded","section":"Shading Mode"},"sceneLighting":false,"audioPlay":false,"sceneViewState":{"m_AlwaysRefresh":false,"showFog":false,"showSkybox":false,"showFlares":false,"showImageEffects":false,"showParticleSystems":false,"showVisualEffectGraphs":true,"m_FxEnabled":true},"in2DMode":false,"pivot":{"x":-0.00016063451766967773,"y":0.8262430429458618,"z":0.05317580699920654},"rotation":{"x":-0.02646150067448616,"y":-0.8703016042709351,"z":-0.04704228416085243,"w":0.4895544946193695},"size":1.2320600748062134,"orthographic":false}