{"cameraMode":{"drawMode":0,"name":"Shaded","section":"Shading Mode"},"sceneLighting":true,"audioPlay":false,"sceneViewState":{"m_AlwaysRefresh":false,"showFog":true,"showSkybox":false,"showFlares":false,"showImageEffects":true,"showParticleSystems":true,"showVisualEffectGraphs":false,"m_FxEnabled":true},"in2DMode":false,"pivot":{"x":-3.998870849609375,"y":20.685680389404298,"z":22.78528594970703},"rotation":{"x":0.00005786057226941921,"y":0.9979206323623657,"z":-0.06445542722940445,"w":0.0008963994332589209},"size":88.56966400146485,"orthographic":false}